Series Name,Title ID,Title,ISBN 10,ISBN 13,Imprint,List Price,ISBN ID,Author
Nonfiction — Young Adult,16972,Reproductive Rights,1467741876,9781467741873,Twenty-First Century Books ™,38.65,31305,Vicki Oransky Wittenstein
Nonfiction — Young Adult,17701,Space Junk,1467756008,9781467756006,Twenty-First Century Books ™,33.32,33083,Karen Romano Young
Nonfiction — Young Adult,18111,Feminism,1467761478,9781467761475,Twenty-First Century Books ™,35.99,33837,Nadia Abushanab Higgins
Nonfiction — Young Adult,18112,Doping in Sports,1467761486,9781467761482,Twenty-First Century Books ™,34.65,33838,Stephanie Sammartino McPherson
Nonfiction — Young Adult,18419,Dead Zones,1467775738,9781467775731,Twenty-First Century Books ™,35.99,35498,Carol Hand
Nonfiction — Young Adult,18722,Just My Type,1467780103,9781467780100,Twenty-First Century Books ™,34.65,36231,Michael J. Rosen; Daniel Carlson
Nonfiction — Young Adult,18723,Plants vs. Meats,1467780111,9781467780117,Twenty-First Century Books ™,34.65,36232,Meredith Sayles Hughes
Nonfiction — Young Adult,16972,Reproductive Rights,146778804X,9781467788045,Twenty-First Century Books ™,57.32,37881,Vicki Oransky Wittenstein
Nonfiction — Young Adult,17701,Space Junk,1467788066,9781467788069,Twenty-First Century Books ™,50.65,37883,Karen Romano Young
Nonfiction — Young Adult,16972,Reproductive Rights,1467792373,9781467792370,Twenty-First Century Books ™,9.99,38455,Vicki Oransky Wittenstein
Nonfiction — Young Adult,16972,Reproductive Rights,1467792381,9781467792387,Twenty-First Century Books ™,9.99,38456,Vicki Oransky Wittenstein
Nonfiction — Young Adult,16972,Reproductive Rights,146779239X,9781467792394,Twenty-First Century Books ™,57.32,38457,Vicki Oransky Wittenstein
Nonfiction — Young Adult,20001,The Ebola Epidemic,1467792446,9781467792448,Twenty-First Century Books ™,35.99,38541,Connie Goldsmith
Nonfiction — Young Adult,18419,Dead Zones,1467795755,9781467795753,Twenty-First Century Books ™,53.32,39542,Carol Hand
Nonfiction — Young Adult,18112,Doping in Sports,1467795763,9781467795760,Twenty-First Century Books ™,51.99,39543,Stephanie Sammartino McPherson
Nonfiction — Young Adult,20001,The Ebola Epidemic,1467795771,9781467795777,Twenty-First Century Books ™,53.32,39544,Connie Goldsmith
Nonfiction — Young Adult,18111,Feminism,146779578X,9781467795784,Twenty-First Century Books ™,53.32,39545,Nadia Abushanab Higgins
Nonfiction — Young Adult,18722,Just My Type,1467795798,9781467795791,Twenty-First Century Books ™,51.99,39546,Michael J. Rosen; Daniel Carlson
Nonfiction — Young Adult,18723,Plants vs. Meats,1467795801,9781467795807,Twenty-First Century Books ™,51.99,39547,Meredith Sayles Hughes
Nonfiction — Young Adult,18111,Feminism,1512413046,9781512413045,Twenty-First Century Books ™,9.99,41727,Nadia Abushanab Higgins
Nonfiction — Young Adult,18111,Feminism,1512413054,9781512413052,Twenty-First Century Books ™,53.32,41728,Nadia Abushanab Higgins
Nonfiction — Young Adult,18111,Feminism,1512414085,9781512414080,Twenty-First Century Books ™,9.99,41799,Nadia Abushanab Higgins
Nonfiction — Young Adult,21438,Star Wars: The Force Awakens,1512417912,9781512417913,Twenty-First Century Books ™,33.22,44104,Editors of Topix Media Lab
Nonfiction — Young Adult,18418,Teen Incarceration,146777572X,9781467775724,Twenty-First Century Books ™,37.32,35497,Patrick Jones
Nonfiction — Young Adult,18724,LGBTQ+ Athletes Claim the Field,146778012X,9781467780124,Twenty-First Century Books ™,34.65,36233,Kirstin Cronn-Mills; Alex Jackson Nelson
Nonfiction — Young Adult,19275,The Human Microbiome,1467785687,9781467785686,Twenty-First Century Books ™,34.65,37064,Rebecca E. Hirsch
Nonfiction — Young Adult,19277,Understanding Suicide,1467785709,9781467785709,Twenty-First Century Books ™,35.99,37066,Connie Goldsmith
Nonfiction — Young Adult,19278,The Animal Mating Game,1467785717,9781467785716,Twenty-First Century Books ™,35.99,37067,Ann Downer
Nonfiction — Young Adult,20000,Legalizing Marijuana,1467792438,9781467792431,Twenty-First Century Books ™,35.99,38540,Margaret J. Goldstein
Nonfiction — Young Adult,20288,Climate Migrants,1467793418,9781467793414,Twenty-First Century Books ™,35.99,38938,Rebecca E. Hirsch
Nonfiction — Young Adult,18418,Teen Incarceration,1512411388,9781512411386,Twenty-First Century Books ™,55.99,41596,Patrick Jones
Nonfiction — Young Adult,18724,LGBTQ+ Athletes Claim the Field,1512411396,9781512411393,Twenty-First Century Books ™,51.99,41597,Kirstin Cronn-Mills; Alex Jackson Nelson
Nonfiction — Young Adult,19275,The Human Microbiome,151241140X,9781512411409,Twenty-First Century Books ™,51.99,41598,Rebecca E. Hirsch
Nonfiction — Young Adult,19277,Understanding Suicide,1512411426,9781512411423,Twenty-First Century Books ™,53.32,41600,Connie Goldsmith
Nonfiction — Young Adult,19278,The Animal Mating Game,1512411434,9781512411430,Twenty-First Century Books ™,53.32,41601,Ann Downer
Nonfiction — Young Adult,20000,Legalizing Marijuana,1512411442,9781512411447,Twenty-First Century Books ™,53.32,41602,Margaret J. Goldstein
Nonfiction — Young Adult,20288,Climate Migrants,1512411450,9781512411454,Twenty-First Century Books ™,53.32,41603,Rebecca E. Hirsch
Nonfiction — Young Adult,18418,Teen Incarceration,1512420646,9781512420647,Twenty-First Century Books ™,9.99,47289,Patrick Jones
Nonfiction — Young Adult,18418,Teen Incarceration,1512420654,9781512420654,Twenty-First Century Books ™,55.99,47290,Patrick Jones
Nonfiction — Young Adult,18418,Teen Incarceration,1512420662,9781512420661,Twenty-First Century Books ™,9.99,47291,Patrick Jones
Nonfiction — Young Adult,18724,LGBTQ+ Athletes Claim the Field,1512420670,9781512420678,Twenty-First Century Books ™,9.99,47292,Kirstin Cronn-Mills; Alex Jackson Nelson
Nonfiction — Young Adult,18724,LGBTQ+ Athletes Claim the Field,1512420689,9781512420685,Twenty-First Century Books ™,51.99,47293,Kirstin Cronn-Mills; Alex Jackson Nelson
Nonfiction — Young Adult,18724,LGBTQ+ Athletes Claim the Field,1512420697,9781512420692,Twenty-First Century Books ™,9.99,47294,Kirstin Cronn-Mills; Alex Jackson Nelson
Nonfiction — Young Adult,19275,The Human Microbiome,1512420700,9781512420708,Twenty-First Century Books ™,9.99,47295,Rebecca E. Hirsch
Nonfiction — Young Adult,19275,The Human Microbiome,1512420719,9781512420715,Twenty-First Century Books ™,51.99,47296,Rebecca E. Hirsch
Nonfiction — Young Adult,19275,The Human Microbiome,1512420727,9781512420722,Twenty-First Century Books ™,9.99,47297,Rebecca E. Hirsch
Nonfiction — Young Adult,19277,Understanding Suicide,1512420735,9781512420739,Twenty-First Century Books ™,9.99,47298,Connie Goldsmith
Nonfiction — Young Adult,19277,Understanding Suicide,1512420743,9781512420746,Twenty-First Century Books ™,53.32,47299,Connie Goldsmith
Nonfiction — Young Adult,19277,Understanding Suicide,1512420751,9781512420753,Twenty-First Century Books ™,9.99,47300,Connie Goldsmith
Nonfiction — Young Adult,19278,The Animal Mating Game,151242076X,9781512420760,Twenty-First Century Books ™,9.99,47301,Ann Downer
Nonfiction — Young Adult,19278,The Animal Mating Game,1512420778,9781512420777,Twenty-First Century Books ™,53.32,47302,Ann Downer
Nonfiction — Young Adult,19278,The Animal Mating Game,1512420786,9781512420784,Twenty-First Century Books ™,9.99,47303,Ann Downer
Nonfiction — Young Adult,20000,Legalizing Marijuana,1512420794,9781512420791,Twenty-First Century Books ™,9.99,47304,Margaret J. Goldstein
Nonfiction — Young Adult,20000,Legalizing Marijuana,1512420808,9781512420807,Twenty-First Century Books ™,53.32,47305,Margaret J. Goldstein
Nonfiction — Young Adult,20000,Legalizing Marijuana,1512420816,9781512420814,Twenty-First Century Books ™,9.99,47306,Margaret J. Goldstein
Nonfiction — Young Adult,20288,Climate Migrants,1512420824,9781512420821,Twenty-First Century Books ™,9.99,47307,Rebecca E. Hirsch
Nonfiction — Young Adult,20288,Climate Migrants,1512420832,9781512420838,Twenty-First Century Books ™,53.32,47308,Rebecca E. Hirsch
Nonfiction — Young Adult,20288,Climate Migrants,1512420840,9781512420845,Twenty-First Century Books ™,9.99,47309,Rebecca E. Hirsch
Nonfiction — Young Adult,19276,Find Your Style,1467785695,9781467785693,Twenty-First Century Books ™,35.99,37065,Sally McGraw
Nonfiction — Young Adult,20544,De-Extinction,1467794902,9781467794909,Twenty-First Century Books ™,35.99,39364,Rebecca E. Hirsch
Nonfiction — Young Adult,20905,Exoplanets,1512400866,9781512400861,Twenty-First Century Books ™,35.99,40088,Karen Latchana Kenney
Nonfiction — Young Adult,21037,Prom,1512402672,9781512402674,Twenty-First Century Books ™,35.99,40522,Jill S. Zimmerman Rutledge
Nonfiction — Young Adult,21038,Racial Profiling,1512402680,9781512402681,Twenty-First Century Books ™,35.99,40523,Alison Marie Behnke
Nonfiction — Young Adult,21259,Dogs at War,1512410128,9781512410129,Twenty-First Century Books ™,35.99,41477,Connie Goldsmith
Nonfiction — Young Adult,21260,Ninja Plants,1512410136,9781512410136,Twenty-First Century Books ™,35.99,41478,Wiley Blevins
Nonfiction — Young Adult,19276,Find Your Style,1512411418,9781512411416,Twenty-First Century Books ™,53.32,41599,Sally McGraw
Nonfiction — Young Adult,20544,De-Extinction,1512428485,9781512428483,Twenty-First Century Books ™,53.32,48049,Rebecca E. Hirsch
Nonfiction — Young Adult,20905,Exoplanets,1512428493,9781512428490,Twenty-First Century Books ™,53.32,48050,Karen Latchana Kenney
Nonfiction — Young Adult,21037,Prom,1512428507,9781512428506,Twenty-First Century Books ™,53.32,48051,Jill S. Zimmerman Rutledge
Nonfiction — Young Adult,21038,Racial Profiling,1512428515,9781512428513,Twenty-First Century Books ™,53.32,48052,Alison Marie Behnke
Nonfiction — Young Adult,21259,Dogs at War,1512428523,9781512428520,Twenty-First Century Books ™,53.32,48053,Connie Goldsmith
Nonfiction — Young Adult,21260,Ninja Plants,1512428531,9781512428537,Twenty-First Century Books ™,53.32,48054,Wiley Blevins
Nonfiction — Young Adult,20544,De-Extinction,1512439029,9781512439021,Twenty-First Century Books ™,9.99,52336,Rebecca E. Hirsch
Nonfiction — Young Adult,20544,De-Extinction,1512439037,9781512439038,Twenty-First Century Books ™,53.32,52337,Rebecca E. Hirsch
Nonfiction — Young Adult,20544,De-Extinction,1512439045,9781512439045,Twenty-First Century Books ™,9.99,52338,Rebecca E. Hirsch
Nonfiction — Young Adult,21259,Dogs at War,1512439053,9781512439052,Twenty-First Century Books ™,9.99,52339,Connie Goldsmith
Nonfiction — Young Adult,21259,Dogs at War,1512439061,9781512439069,Twenty-First Century Books ™,53.32,52340,Connie Goldsmith
Nonfiction — Young Adult,21259,Dogs at War,151243907X,9781512439076,Twenty-First Century Books ™,9.99,52341,Connie Goldsmith
Nonfiction — Young Adult,20905,Exoplanets,1512439088,9781512439083,Twenty-First Century Books ™,9.99,52342,Karen Latchana Kenney
Nonfiction — Young Adult,20905,Exoplanets,1512439096,9781512439090,Twenty-First Century Books ™,53.32,52343,Karen Latchana Kenney
Nonfiction — Young Adult,20905,Exoplanets,151243910X,9781512439106,Twenty-First Century Books ™,9.99,52344,Karen Latchana Kenney
Nonfiction — Young Adult,19276,Find Your Style,1512439118,9781512439113,Twenty-First Century Books ™,9.99,52345,Sally McGraw
Nonfiction — Young Adult,19276,Find Your Style,1512439126,9781512439120,Twenty-First Century Books ™,53.32,52346,Sally McGraw
Nonfiction — Young Adult,19276,Find Your Style,1512439134,9781512439137,Twenty-First Century Books ™,9.99,52347,Sally McGraw
Nonfiction — Young Adult,21260,Ninja Plants,1512439142,9781512439144,Twenty-First Century Books ™,9.99,52348,Wiley Blevins
Nonfiction — Young Adult,21260,Ninja Plants,1512439150,9781512439151,Twenty-First Century Books ™,53.32,52349,Wiley Blevins
Nonfiction — Young Adult,21260,Ninja Plants,1512439169,9781512439168,Twenty-First Century Books ™,9.99,52350,Wiley Blevins
Nonfiction — Young Adult,21037,Prom,1512439177,9781512439175,Twenty-First Century Books ™,9.99,52351,Jill S. Zimmerman Rutledge
Nonfiction — Young Adult,21037,Prom,1512439185,9781512439182,Twenty-First Century Books ™,53.32,52352,Jill S. Zimmerman Rutledge
Nonfiction — Young Adult,21037,Prom,1512439193,9781512439199,Twenty-First Century Books ™,9.99,52353,Jill S. Zimmerman Rutledge
Nonfiction — Young Adult,21038,Racial Profiling,1512439207,9781512439205,Twenty-First Century Books ™,9.99,52354,Alison Marie Behnke
Nonfiction — Young Adult,21038,Racial Profiling,1512439215,9781512439212,Twenty-First Century Books ™,53.32,52355,Alison Marie Behnke
Nonfiction — Young Adult,21038,Racial Profiling,1512439223,9781512439229,Twenty-First Century Books ™,9.99,52356,Alison Marie Behnke
American Music Milestones,10459,American Country,1512452688,9781512452686,Twenty-First Century Books ™,46.65,54968,Lloyd Sachs
American Music Milestones,10459,American Country,1512452696,9781512452693,Twenty-First Century Books ™,6.99,54969,Lloyd Sachs
American Music Milestones,10459,American Country,151245270X,9781512452709,Twenty-First Century Books ™,6.99,54970,Lloyd Sachs
American Music Milestones,10457,American Hip-Hop,1512452718,9781512452716,Twenty-First Century Books ™,46.65,54971,Nathan Sacks
American Music Milestones,10457,American Hip-Hop,1512452726,9781512452723,Twenty-First Century Books ™,6.99,54972,Nathan Sacks
American Music Milestones,10457,American Hip-Hop,1512452734,9781512452730,Twenty-First Century Books ™,6.99,54973,Nathan Sacks
American Music Milestones,10462,American Latin Music,1512452742,9781512452747,Twenty-First Century Books ™,46.65,54974,Matt Doeden
American Music Milestones,10462,American Latin Music,1512452750,9781512452754,Twenty-First Century Books ™,6.99,54975,Matt Doeden
American Music Milestones,10462,American Latin Music,1512452769,9781512452761,Twenty-First Century Books ™,6.99,54976,Matt Doeden
American Music Milestones,10461,American Pop,1512452777,9781512452778,Twenty-First Century Books ™,46.65,54977,Arie Kaplan
American Music Milestones,10461,American Pop,1512452785,9781512452785,Twenty-First Century Books ™,6.99,54978,Arie Kaplan
American Music Milestones,10461,American Pop,1512452793,9781512452792,Twenty-First Century Books ™,6.99,54979,Arie Kaplan
American Music Milestones,10458,American R & B,1512452807,9781512452808,Twenty-First Century Books ™,46.65,54980,Aaron Mendelson
American Music Milestones,10458,American R & B,1512452815,9781512452815,Twenty-First Century Books ™,6.99,54981,Aaron Mendelson
American Music Milestones,10458,American R & B,1512452823,9781512452822,Twenty-First Century Books ™,6.99,54982,Aaron Mendelson
American Music Milestones,10460,American Rock,1512452831,9781512452839,Twenty-First Century Books ™,46.65,54983,Erik Farseth
American Music Milestones,10460,American Rock,151245284X,9781512452846,Twenty-First Century Books ™,6.99,54984,Erik Farseth
American Music Milestones,10460,American Rock,1512452858,9781512452853,Twenty-First Century Books ™,6.99,54985,Erik Farseth
Nonfiction — Grades 4-8,11278,Elephant Talk,1512452866,9781512452860,Twenty-First Century Books ™,50.65,54986,Ann Downer
Nonfiction — Grades 4-8,11278,Elephant Talk,1512452874,9781512452877,Twenty-First Century Books ™,9.99,54987,Ann Downer
Nonfiction — Grades 4-8,11278,Elephant Talk,1512452882,9781512452884,Twenty-First Century Books ™,9.99,54988,Ann Downer
Nonfiction — Young Adult,10558,Food,1512452890,9781512452891,Twenty-First Century Books ™,47.99,54989,Kathlyn Gay
Nonfiction — Young Adult,10558,Food,1512452904,9781512452907,Twenty-First Century Books ™,9.99,54990,Kathlyn Gay
Nonfiction — Young Adult,10558,Food,1512452912,9781512452914,Twenty-First Century Books ™,9.99,54991,Kathlyn Gay
Nonfiction — Young Adult,11337,Friend Me!,1512452920,9781512452921,Twenty-First Century Books ™,50.65,54992,Francesca Davis DiPiazza
Nonfiction — Young Adult,11337,Friend Me!,1512452939,9781512452938,Twenty-First Century Books ™,9.99,54993,Francesca Davis DiPiazza
Nonfiction — Young Adult,11337,Friend Me!,1512452947,9781512452945,Twenty-First Century Books ™,9.99,54994,Francesca Davis DiPiazza
Nonfiction — Young Adult,11833,"Iceberg, Right Ahead!",1512452955,9781512452952,Twenty-First Century Books ™,50.65,54995,Stephanie Sammartino McPherson
Nonfiction — Young Adult,11833,"Iceberg, Right Ahead!",1512452963,9781512452969,Twenty-First Century Books ™,9.99,54996,Stephanie Sammartino McPherson
Nonfiction — Young Adult,11833,"Iceberg, Right Ahead!",1512452971,9781512452976,Twenty-First Century Books ™,9.99,54997,Stephanie Sammartino McPherson
Nonfiction — Young Adult,12465,Meltdown!,151245298X,9781512452983,Twenty-First Century Books ™,47.99,54998,Fred Bortz
Nonfiction — Young Adult,12465,Meltdown!,1512452998,9781512452990,Twenty-First Century Books ™,9.99,54999,Fred Bortz
Nonfiction — Young Adult,12465,Meltdown!,1512453005,9781512453003,Twenty-First Century Books ™,9.99,55000,Fred Bortz
Nonfiction — Grades 4-8,12937,Tillie Pierce,1512453013,9781512453010,Twenty-First Century Books ™,51.99,55001,Tanya Anderson
Nonfiction — Grades 4-8,12937,Tillie Pierce,1512453021,9781512453027,Twenty-First Century Books ™,9.99,55002,Tanya Anderson
Nonfiction — Grades 4-8,12937,Tillie Pierce,151245303X,9781512453034,Twenty-First Century Books ™,9.99,55003,Tanya Anderson
Nonfiction — Grades 4-8,12574,Wild Animal Neighbors,1512453048,9781512453041,Twenty-First Century Books ™,50.65,55004,Ann Downer
Nonfiction — Grades 4-8,12574,Wild Animal Neighbors,1512453056,9781512453058,Twenty-First Century Books ™,9.99,55005,Ann Downer
Nonfiction — Grades 4-8,12574,Wild Animal Neighbors,1512453064,9781512453065,Twenty-First Century Books ™,9.99,55006,Ann Downer
Nonfiction — Young Adult,15247,Sneaker Century,1512456403,9781512456400,Twenty-First Century Books ™,9.99,55438,Amber J. Keyser
Nonfiction — Young Adult,15247,Sneaker Century,1512456411,9781512456417,Twenty-First Century Books ™,9.99,55439,Amber J. Keyser
Nonfiction — Young Adult,15247,Sneaker Century,151245642X,9781512456424,Twenty-First Century Books ™,51.99,55440,Amber J. Keyser
Nonfiction — Young Adult,13942,Up for Sale,1512456438,9781512456431,Twenty-First Century Books ™,9.99,55441,Alison Marie Behnke
Nonfiction — Young Adult,13942,Up for Sale,1512456446,9781512456448,Twenty-First Century Books ™,9.99,55442,Alison Marie Behnke
Nonfiction — Young Adult,13942,Up for Sale,1512456454,9781512456455,Twenty-First Century Books ™,51.99,55443,Alison Marie Behnke
Nonfiction — Young Adult,20003,Whale Quest,1467792462,9781467792462,Twenty-First Century Books ™,37.32,38543,Karen Romano Young
Nonfiction — Young Adult,21250,Addiction and Overdose,1512409537,9781512409536,Twenty-First Century Books ™,37.32,41448,Connie Goldsmith
Nonfiction — Young Adult,21311,Trashing the Planet,1512413143,9781512413144,Twenty-First Century Books ™,37.32,41737,Stuart A. Kallen
Nonfiction — Young Adult,21391,Black Holes,1512415685,9781512415681,Twenty-First Century Books ™,37.32,43549,Sara Latta
Nonfiction — Young Adult,21392,Geoengineering Earth's Climate,1512415693,9781512415698,Twenty-First Century Books ™,35.99,43550,Jennifer Swanson
Nonfiction — Young Adult,21393,3D Printing,1512415707,9781512415704,Twenty-First Century Books ™,37.32,43551,Melissa Koch
Nonfiction — Young Adult,23176,Artificial Intelligence,1512418269,9781512418262,Twenty-First Century Books ™,35.99,46961,Stephanie Sammartino McPherson
Nonfiction — Young Adult,20003,Whale Quest,1512428477,9781512428476,Twenty-First Century Books ™,55.99,48048,Karen Romano Young
Nonfiction — Young Adult,23505,ISIS,1512429988,9781512429985,Twenty-First Century Books ™,37.32,48308,Brendan  January
Nonfiction — Young Adult,21393,3D Printing,1512448605,9781512448603,Twenty-First Century Books ™,55.99,54566,Melissa Koch
Nonfiction — Young Adult,21250,Addiction and Overdose,1512448613,9781512448610,Twenty-First Century Books ™,55.99,54567,Connie Goldsmith
Nonfiction — Young Adult,23176,Artificial Intelligence,1512448621,9781512448627,Twenty-First Century Books ™,53.32,54568,Stephanie Sammartino McPherson
Nonfiction — Young Adult,21391,Black Holes,151244863X,9781512448634,Twenty-First Century Books ™,55.99,54569,Sara Latta
Nonfiction — Young Adult,21392,Geoengineering Earth's Climate,1512448648,9781512448641,Twenty-First Century Books ™,53.32,54570,Jennifer Swanson
Nonfiction — Young Adult,23505,ISIS,1512448656,9781512448658,Twenty-First Century Books ™,55.99,54571,Brendan  January
Nonfiction — Young Adult,21311,Trashing the Planet,1512448664,9781512448665,Twenty-First Century Books ™,55.99,54572,Stuart A. Kallen
Nonfiction — Young Adult,21393,3D Printing,151246774X,9781512467741,Twenty-First Century Books ™,9.99,68908,Melissa Koch
Nonfiction — Young Adult,21393,3D Printing,1512467758,9781512467758,Twenty-First Century Books ™,9.99,68909,Melissa Koch
Nonfiction — Young Adult,21393,3D Printing,1512467766,9781512467765,Twenty-First Century Books ™,55.99,68910,Melissa Koch
Nonfiction — Young Adult,21250,Addiction and Overdose,1512467774,9781512467772,Twenty-First Century Books ™,9.99,68911,Connie Goldsmith
Nonfiction — Young Adult,21250,Addiction and Overdose,1512467782,9781512467789,Twenty-First Century Books ™,9.99,68912,Connie Goldsmith
Nonfiction — Young Adult,21250,Addiction and Overdose,1512467790,9781512467796,Twenty-First Century Books ™,55.99,68913,Connie Goldsmith
Nonfiction — Young Adult,23176,Artificial Intelligence,1512467804,9781512467802,Twenty-First Century Books ™,9.99,68914,Stephanie Sammartino McPherson
Nonfiction — Young Adult,23176,Artificial Intelligence,1512467812,9781512467819,Twenty-First Century Books ™,9.99,68915,Stephanie Sammartino McPherson
Nonfiction — Young Adult,23176,Artificial Intelligence,1512467820,9781512467826,Twenty-First Century Books ™,53.32,68916,Stephanie Sammartino McPherson
Nonfiction — Young Adult,21391,Black Holes,1512467839,9781512467833,Twenty-First Century Books ™,9.99,68917,Sara Latta
Nonfiction — Young Adult,21391,Black Holes,1512467847,9781512467840,Twenty-First Century Books ™,9.99,68918,Sara Latta
Nonfiction — Young Adult,21391,Black Holes,1512467855,9781512467857,Twenty-First Century Books ™,55.99,68919,Sara Latta
Nonfiction — Young Adult,21392,Geoengineering Earth's Climate,1512467863,9781512467864,Twenty-First Century Books ™,9.99,68920,Jennifer Swanson
Nonfiction — Young Adult,21392,Geoengineering Earth's Climate,1512467871,9781512467871,Twenty-First Century Books ™,9.99,68921,Jennifer Swanson
Nonfiction — Young Adult,21392,Geoengineering Earth's Climate,151246788X,9781512467888,Twenty-First Century Books ™,53.32,68922,Jennifer Swanson
Nonfiction — Young Adult,23505,ISIS,1512467898,9781512467895,Twenty-First Century Books ™,9.99,68923,Brendan  January
Nonfiction — Young Adult,23505,ISIS,1512467901,9781512467901,Twenty-First Century Books ™,9.99,68924,Brendan  January
Nonfiction — Young Adult,23505,ISIS,151246791X,9781512467918,Twenty-First Century Books ™,55.99,68925,Brendan  January
Nonfiction — Young Adult,20003,Whale Quest,1512467928,9781512467925,Twenty-First Century Books ™,9.99,68926,Karen Romano Young
Nonfiction — Young Adult,20003,Whale Quest,1512467936,9781512467932,Twenty-First Century Books ™,9.99,68927,Karen Romano Young
Nonfiction — Young Adult,20003,Whale Quest,1512467944,9781512467949,Twenty-First Century Books ™,55.99,68928,Karen Romano Young
Nonfiction — Young Adult,21311,Trashing the Planet,1512467952,9781512467956,Twenty-First Century Books ™,9.99,68929,Stuart A. Kallen
Nonfiction — Young Adult,21311,Trashing the Planet,1512467960,9781512467963,Twenty-First Century Books ™,9.99,68930,Stuart A. Kallen
Nonfiction — Young Adult,21311,Trashing the Planet,1512467979,9781512467970,Twenty-First Century Books ™,55.99,68931,Stuart A. Kallen
Nonfiction — Young Adult,19999,Tying the Knot,146779242X,9781467792424,Twenty-First Century Books ™,35.99,38539,Amber J. Keyser
Nonfiction — Young Adult,21310,The Craft-a-Day Book,1512413135,9781512413137,Twenty-First Century Books ™,39.98,41736,Kari Cornell
Nonfiction — Young Adult,23243,Vaccination Investigation,1512425303,9781512425307,Twenty-First Century Books ™,37.32,47756,Tara Haelle
Nonfiction — Young Adult,23244,Underneath It All,1512425311,9781512425314,Twenty-First Century Books ™,37.32,47757,Amber J. Keyser
Nonfiction — Young Adult,23348,Lighting Up the Brain,1512427527,9781512427523,Twenty-First Century Books ™,35.99,47952,Marc Zimmer
Nonfiction — Young Adult,19999,Tying the Knot,1512428469,9781512428469,Twenty-First Century Books ™,53.32,48047,Amber J. Keyser
Nonfiction — Young Adult,23506,Outrageous Animal Adaptations,1512429996,9781512429992,Twenty-First Century Books ™,37.32,48309,Michael J. Rosen
Nonfiction — Young Adult,23517,Economic Inequality,1512431079,9781512431070,Twenty-First Century Books ™,37.32,48376,Coral Celeste Frazer
Nonfiction — Young Adult,26513,Fandom,1512450499,9781512450491,Twenty-First Century Books ™,37.32,54751,Francesca Davis DiPiazza
Nonfiction — Young Adult,21310,The Craft-a-Day Book,1512498815,9781512498813,Twenty-First Century Books ™,59.99,72073,Kari Cornell
Nonfiction — Young Adult,23243,Vaccination Investigation,1512498823,9781512498820,Twenty-First Century Books ™,55.99,72074,Tara Haelle
Nonfiction — Young Adult,23244,Underneath It All,1512498831,9781512498837,Twenty-First Century Books ™,55.99,72075,Amber J. Keyser
Nonfiction — Young Adult,23348,Lighting Up the Brain,151249884X,9781512498844,Twenty-First Century Books ™,53.32,72076,Marc Zimmer
Nonfiction — Young Adult,23506,Outrageous Animal Adaptations,1512498858,9781512498851,Twenty-First Century Books ™,55.99,72077,Michael J. Rosen
Nonfiction — Young Adult,23517,Economic Inequality,1512498866,9781512498868,Twenty-First Century Books ™,55.99,72078,Coral Celeste Frazer
Nonfiction — Young Adult,26513,Fandom,1512498874,9781512498875,Twenty-First Century Books ™,55.99,72079,Francesca Davis DiPiazza
Nonfiction — Young Adult,21310,The Craft-a-Day Book,1541521870,9781541521872,Twenty-First Century Books ™,9.99,75662,Kari Cornell
Nonfiction — Young Adult,21310,The Craft-a-Day Book,1541521889,9781541521889,Twenty-First Century Books ™,9.99,75663,Kari Cornell
Nonfiction — Young Adult,21310,The Craft-a-Day Book,1541521897,9781541521896,Twenty-First Century Books ™,59.99,75664,Kari Cornell
Nonfiction — Young Adult,23517,Economic Inequality,1541521900,9781541521902,Twenty-First Century Books ™,9.99,75665,Coral Celeste Frazer
Nonfiction — Young Adult,23517,Economic Inequality,1541521919,9781541521919,Twenty-First Century Books ™,9.99,75666,Coral Celeste Frazer
Nonfiction — Young Adult,23517,Economic Inequality,1541521927,9781541521926,Twenty-First Century Books ™,55.99,75667,Coral Celeste Frazer
Nonfiction — Young Adult,26513,Fandom,1541521935,9781541521933,Twenty-First Century Books ™,9.99,75668,Francesca Davis DiPiazza
Nonfiction — Young Adult,26513,Fandom,1541521943,9781541521940,Twenty-First Century Books ™,9.99,75669,Francesca Davis DiPiazza
Nonfiction — Young Adult,26513,Fandom,1541521951,9781541521957,Twenty-First Century Books ™,55.99,75670,Francesca Davis DiPiazza
Nonfiction — Young Adult,23348,Lighting Up the Brain,154152196X,9781541521964,Twenty-First Century Books ™,9.99,75671,Marc Zimmer
Nonfiction — Young Adult,23348,Lighting Up the Brain,1541521978,9781541521971,Twenty-First Century Books ™,9.99,75672,Marc Zimmer
Nonfiction — Young Adult,23348,Lighting Up the Brain,1541521986,9781541521988,Twenty-First Century Books ™,53.32,75673,Marc Zimmer
Nonfiction — Young Adult,23506,Outrageous Animal Adaptations,1541521994,9781541521995,Twenty-First Century Books ™,9.99,75674,Michael J. Rosen
Nonfiction — Young Adult,23506,Outrageous Animal Adaptations,1541522001,9781541522008,Twenty-First Century Books ™,9.99,75675,Michael J. Rosen
Nonfiction — Young Adult,23506,Outrageous Animal Adaptations,154152201X,9781541522015,Twenty-First Century Books ™,55.99,75676,Michael J. Rosen
Nonfiction — Young Adult,19999,Tying the Knot,1541522028,9781541522022,Twenty-First Century Books ™,9.99,75677,Amber J. Keyser
Nonfiction — Young Adult,19999,Tying the Knot,1541522036,9781541522039,Twenty-First Century Books ™,9.99,75678,Amber J. Keyser
Nonfiction — Young Adult,19999,Tying the Knot,1541522044,9781541522046,Twenty-First Century Books ™,53.32,75679,Amber J. Keyser
Nonfiction — Young Adult,23244,Underneath It All,1541522052,9781541522053,Twenty-First Century Books ™,9.99,75680,Amber J. Keyser
Nonfiction — Young Adult,23244,Underneath It All,1541522060,9781541522060,Twenty-First Century Books ™,9.99,75681,Amber J. Keyser
Nonfiction — Young Adult,23244,Underneath It All,1541522079,9781541522077,Twenty-First Century Books ™,55.99,75682,Amber J. Keyser
Nonfiction — Young Adult,23243,Vaccination Investigation,1541522087,9781541522084,Twenty-First Century Books ™,9.99,75683,Tara Haelle
Nonfiction — Young Adult,23243,Vaccination Investigation,1541522095,9781541522091,Twenty-First Century Books ™,9.99,75684,Tara Haelle
Nonfiction — Young Adult,23243,Vaccination Investigation,1541522109,9781541522107,Twenty-First Century Books ™,55.99,75685,Tara Haelle
"Visual Geography Series, Second Series",8829,Bangladesh in Pictures,1541552849,9781541552845,Twenty-First Century Books ™,18.99,90198,Tom Streissguth
"Visual Geography Series, Second Series",8821,Dominican Republic in Pictures,1541552857,9781541552852,Twenty-First Century Books ™,18.99,90199,Christine Zuchora-Walske
"Visual Geography Series, Second Series",1558,Italy in Pictures,1541552865,9781541552869,Twenty-First Century Books ™,18.99,90200,Alison Behnke
"Visual Geography Series, Second Series",2964,Ghana in Pictures,1541552873,9781541552876,Twenty-First Century Books ™,18.99,90201,Yvette  La Pierre
"Visual Geography Series, Second Series",2947,Kenya in Pictures,1541552881,9781541552883,Twenty-First Century Books ™,18.99,90202,Catherine  Broberg
"Visual Geography Series, Second Series",3450,Malaysia in Pictures,154155289X,9781541552890,Twenty-First Century Books ™,18.99,90203,Francesca DiPiazza
"Visual Geography Series, Second Series",2950,Mexico in Pictures,1541552903,9781541552906,Twenty-First Century Books ™,18.99,90204,Janice  Hamilton
"Visual Geography Series, Second Series",8037,Taiwan in Pictures,1541552911,9781541552913,Twenty-First Century Books ™,18.99,90205,Alison Behnke
"Visual Geography Series, Second Series",2086,Thailand in Pictures,154155292X,9781541552920,Twenty-First Century Books ™,18.99,90206,Stacy  Taus-Bolstad
"Visual Geography Series, Second Series",9537,Zambia in Pictures,1541552938,9781541552937,Twenty-First Century Books ™,18.99,90207,Bella Waters
Nonfiction — Young Adult,26514,Pandemic,1512452157,9781512452150,Twenty-First Century Books ™,42.65,54915,Connie Goldsmith
Nonfiction — Young Adult,33106,Diet for a Changing Climate,1512481211,9781512481211,Twenty-First Century Books ™,37.32,70288,Christy Mihaly; Sue Heavenrich
Nonfiction — Young Adult,33178,Extreme Longevity,1512483729,9781512483727,Twenty-First Century Books ™,37.32,70451,Karen Latchana Kenney
Nonfiction — Young Adult,33179,Snakebite!,1512483737,9781512483734,Twenty-First Century Books ™,37.32,70452,Charles C. Hofer
Nonfiction — Young Adult,33329,Animals Go to War,1512498041,9781512498042,Twenty-First Century Books ™,37.32,71946,Connie Goldsmith
Nonfiction — Young Adult,33330,Shark Quest,151249805X,9781512498059,Twenty-First Century Books ™,37.32,71947,Karen Romano Young
Nonfiction — Young Adult,33490,Self-Driving Cars,1541500555,9781541500556,Twenty-First Century Books ™,37.32,72415,Michael Fallon
Nonfiction — Young Adult,26514,Pandemic,1541524764,9781541524767,Twenty-First Century Books ™,63.99,76072,Connie Goldsmith
Nonfiction — Young Adult,33106,Diet for a Changing Climate,1541524772,9781541524774,Twenty-First Century Books ™,55.99,76073,Christy Mihaly; Sue Heavenrich
Nonfiction — Young Adult,33178,Extreme Longevity,1541524780,9781541524781,Twenty-First Century Books ™,55.99,76074,Karen Latchana Kenney
Nonfiction — Young Adult,33179,Snakebite!,1541524799,9781541524798,Twenty-First Century Books ™,55.99,76075,Charles C. Hofer
Nonfiction — Young Adult,33329,Animals Go to War,1541524802,9781541524804,Twenty-First Century Books ™,55.99,76076,Connie Goldsmith
Nonfiction — Young Adult,33330,Shark Quest,1541524810,9781541524811,Twenty-First Century Books ™,55.99,76077,Karen Romano Young
Nonfiction — Young Adult,33490,Self-Driving Cars,1541524837,9781541524835,Twenty-First Century Books ™,55.99,76079,Michael Fallon
Nonfiction — Young Adult,33329,Animals Go to War,1541538137,9781541538139,Twenty-First Century Books ™,9.99,78829,Connie Goldsmith
Nonfiction — Young Adult,33329,Animals Go to War,1541538145,9781541538146,Twenty-First Century Books ™,55.99,78830,Connie Goldsmith
Nonfiction — Young Adult,33329,Animals Go to War,1541538153,9781541538153,Twenty-First Century Books ™,9.99,78831,Connie Goldsmith
Nonfiction — Young Adult,33106,Diet for a Changing Climate,1541538161,9781541538160,Twenty-First Century Books ™,9.99,78832,Christy Mihaly; Sue Heavenrich
Nonfiction — Young Adult,33106,Diet for a Changing Climate,154153817X,9781541538177,Twenty-First Century Books ™,55.99,78833,Christy Mihaly; Sue Heavenrich
Nonfiction — Young Adult,33106,Diet for a Changing Climate,1541538188,9781541538184,Twenty-First Century Books ™,9.99,78834,Christy Mihaly; Sue Heavenrich
Nonfiction — Young Adult,33178,Extreme Longevity,1541538196,9781541538191,Twenty-First Century Books ™,9.99,78835,Karen Latchana Kenney
Nonfiction — Young Adult,33178,Extreme Longevity,154153820X,9781541538207,Twenty-First Century Books ™,55.99,78836,Karen Latchana Kenney
Nonfiction — Young Adult,33178,Extreme Longevity,1541538218,9781541538214,Twenty-First Century Books ™,9.99,78837,Karen Latchana Kenney
Nonfiction — Young Adult,26514,Pandemic,1541538226,9781541538221,Twenty-First Century Books ™,9.99,78838,Connie Goldsmith
Nonfiction — Young Adult,26514,Pandemic,1541538234,9781541538238,Twenty-First Century Books ™,63.99,78839,Connie Goldsmith
Nonfiction — Young Adult,26514,Pandemic,1541538242,9781541538245,Twenty-First Century Books ™,9.99,78840,Connie Goldsmith
Nonfiction — Young Adult,33490,Self-Driving Cars,1541538250,9781541538252,Twenty-First Century Books ™,9.99,78841,Michael Fallon
Nonfiction — Young Adult,33490,Self-Driving Cars,1541538269,9781541538269,Twenty-First Century Books ™,55.99,78842,Michael Fallon
Nonfiction — Young Adult,33490,Self-Driving Cars,1541538277,9781541538276,Twenty-First Century Books ™,9.99,78843,Michael Fallon
Nonfiction — Young Adult,33330,Shark Quest,1541538285,9781541538283,Twenty-First Century Books ™,9.99,78844,Karen Romano Young
Nonfiction — Young Adult,33330,Shark Quest,1541538293,9781541538290,Twenty-First Century Books ™,55.99,78845,Karen Romano Young
Nonfiction — Young Adult,33330,Shark Quest,1541538307,9781541538306,Twenty-First Century Books ™,9.99,78846,Karen Romano Young
Nonfiction — Young Adult,33179,Snakebite!,1541538315,9781541538313,Twenty-First Century Books ™,9.99,78847,Charles C. Hofer
Nonfiction — Young Adult,33179,Snakebite!,1541538323,9781541538320,Twenty-First Century Books ™,55.99,78848,Charles C. Hofer
Nonfiction — Young Adult,33179,Snakebite!,1541538331,9781541538337,Twenty-First Century Books ™,9.99,78849,Charles C. Hofer
Nonfiction — Young Adult,12575,Transgender Lives,1541557506,9781541557505,Twenty-First Century Books ™,9.99,96373,Kirstin Cronn-Mills
Nonfiction — Young Adult,12575,Transgender Lives,1541557514,9781541557512,Twenty-First Century Books ™,51.99,96374,Kirstin Cronn-Mills
Nonfiction — Young Adult,12575,Transgender Lives,1541557522,9781541557529,Twenty-First Century Books ™,9.99,96375,Kirstin Cronn-Mills
Nonfiction — Young Adult,33489,Living Simply,1541500547,9781541500549,Twenty-First Century Books ™,37.32,72414,Sally McGraw
Nonfiction — Young Adult,34559,Forest Talk,1541519779,9781541519770,Twenty-First Century Books ™,37.32,75428,Melissa Koch
Nonfiction — Young Adult,34561,"Solutions for a Cleaner, Greener Planet",1541519795,9781541519794,Twenty-First Century Books ™,37.32,75430,Marc Zimmer
Nonfiction — Young Adult,33489,Living Simply,1541524829,9781541524828,Twenty-First Century Books ™,55.99,76078,Sally McGraw
Nonfiction — Young Adult,35526,The Global Refugee Crisis,1541528115,9781541528116,Twenty-First Century Books ™,37.32,77316,Stephanie Sammartino McPherson
Nonfiction — Young Adult,35527,Women in the Military,1541528123,9781541528123,Twenty-First Century Books ™,37.32,77317,Connie Goldsmith
Nonfiction — Young Adult,35529,Fake News,154152814X,9781541528147,Twenty-First Century Books ™,37.32,77319,Michael Miller
Nonfiction — Young Adult,35942,Exposing Hate,1541539257,9781541539259,Twenty-First Century Books ™,37.32,78984,Michael Miller
Nonfiction — Young Adult,36607,No More Excuses,1541540204,9781541540200,Twenty-First Century Books ™,37.32,80450,Amber J. Keyser
Nonfiction — Young Adult,35942,Exposing Hate,1541543912,9781541543911,Twenty-First Century Books ™,55.99,86656,Michael Miller
Nonfiction — Young Adult,35529,Fake News,1541543920,9781541543928,Twenty-First Century Books ™,55.99,86657,Michael Miller
Nonfiction — Young Adult,34559,Forest Talk,1541543939,9781541543935,Twenty-First Century Books ™,55.99,86658,Melissa Koch
Nonfiction — Young Adult,35526,The Global Refugee Crisis,1541543947,9781541543942,Twenty-First Century Books ™,55.99,86659,Stephanie Sammartino McPherson
Nonfiction — Young Adult,36607,No More Excuses,1541543955,9781541543959,Twenty-First Century Books ™,55.99,86660,Amber J. Keyser
Nonfiction — Young Adult,34561,"Solutions for a Cleaner, Greener Planet",1541543963,9781541543966,Twenty-First Century Books ™,55.99,86661,Marc Zimmer
Nonfiction — Young Adult,35942,Exposing Hate,154155244X,9781541552449,Twenty-First Century Books ™,55.99,90123,Michael Miller
Nonfiction — Young Adult,35942,Exposing Hate,1541552458,9781541552456,Twenty-First Century Books ™,9.99,90124,Michael Miller
Nonfiction — Young Adult,35942,Exposing Hate,1541552466,9781541552463,Twenty-First Century Books ™,9.99,90125,Michael Miller
Nonfiction — Young Adult,35529,Fake News,1541552474,9781541552470,Twenty-First Century Books ™,55.99,90126,Michael Miller
Nonfiction — Young Adult,35529,Fake News,1541552482,9781541552487,Twenty-First Century Books ™,9.99,90127,Michael Miller
Nonfiction — Young Adult,35529,Fake News,1541552490,9781541552494,Twenty-First Century Books ™,9.99,90128,Michael Miller
Nonfiction — Young Adult,34559,Forest Talk,1541552504,9781541552500,Twenty-First Century Books ™,55.99,90129,Melissa Koch
Nonfiction — Young Adult,34559,Forest Talk,1541552512,9781541552517,Twenty-First Century Books ™,9.99,90130,Melissa Koch
Nonfiction — Young Adult,34559,Forest Talk,1541552520,9781541552524,Twenty-First Century Books ™,9.99,90131,Melissa Koch
Nonfiction — Young Adult,33489,Living Simply,1541552539,9781541552531,Twenty-First Century Books ™,55.99,90132,Sally McGraw
Nonfiction — Young Adult,33489,Living Simply,1541552547,9781541552548,Twenty-First Century Books ™,9.99,90133,Sally McGraw
Nonfiction — Young Adult,33489,Living Simply,1541552555,9781541552555,Twenty-First Century Books ™,9.99,90134,Sally McGraw
Nonfiction — Young Adult,36607,No More Excuses,1541552563,9781541552562,Twenty-First Century Books ™,55.99,90135,Amber J. Keyser
Nonfiction — Young Adult,36607,No More Excuses,1541552571,9781541552579,Twenty-First Century Books ™,9.99,90136,Amber J. Keyser
Nonfiction — Young Adult,36607,No More Excuses,154155258X,9781541552586,Twenty-First Century Books ™,9.99,90137,Amber J. Keyser
Nonfiction — Young Adult,34561,"Solutions for a Cleaner, Greener Planet",1541552598,9781541552593,Twenty-First Century Books ™,55.99,90138,Marc Zimmer
Nonfiction — Young Adult,34561,"Solutions for a Cleaner, Greener Planet",1541552601,9781541552609,Twenty-First Century Books ™,9.99,90139,Marc Zimmer
Nonfiction — Young Adult,34561,"Solutions for a Cleaner, Greener Planet",154155261X,9781541552616,Twenty-First Century Books ™,9.99,90140,Marc Zimmer
Nonfiction — Young Adult,35526,The Global Refugee Crisis,1541552628,9781541552623,Twenty-First Century Books ™,55.99,90141,Stephanie Sammartino McPherson
Nonfiction — Young Adult,35526,The Global Refugee Crisis,1541552636,9781541552630,Twenty-First Century Books ™,9.99,90142,Stephanie Sammartino McPherson
Nonfiction — Young Adult,35526,The Global Refugee Crisis,1541552644,9781541552647,Twenty-First Century Books ™,9.99,90143,Stephanie Sammartino McPherson
Nonfiction — Young Adult,35527,Women in the Military,1541557077,9781541557079,Twenty-First Century Books ™,55.99,93888,Connie Goldsmith
Nonfiction — Young Adult,35527,Women in the Military,1541557085,9781541557086,Twenty-First Century Books ™,9.99,93889,Connie Goldsmith
Nonfiction — Young Adult,35527,Women in the Military,1541557093,9781541557093,Twenty-First Century Books ™,55.99,93890,Connie Goldsmith
Nonfiction — Young Adult,35527,Women in the Military,1541557107,9781541557109,Twenty-First Century Books ™,9.99,93891,Connie Goldsmith
Nonfiction — Young Adult,34560,The Dozier School for Boys,1541519787,9781541519787,Twenty-First Century Books ™,37.32,75429,"Elizabeth A. Murray, PhD"
Nonfiction — Young Adult,35528,Body 2.0,1541528131,9781541528130,Twenty-First Century Books ™,37.32,77318,Sara Latta
Nonfiction — Young Adult,35530,Vote!,1541528158,9781541528154,Twenty-First Century Books ™,37.32,77320,Coral Celeste Frazer
Nonfiction — Young Adult,35710,Giraffe Extinction,1541532384,9781541532380,Twenty-First Century Books ™,37.32,78061,Tanya Anderson
Nonfiction — Young Adult,36608,Mindfulness and Meditation,1541540212,9781541540217,Twenty-First Century Books ™,37.32,80451,Whitney Stewart
Nonfiction — Young Adult,36609,You Do You,1541540220,9781541540224,Twenty-First Century Books ™,37.32,80452,Sarah Mirk
Nonfiction — Young Adult,35528,Body 2.0,1541543904,9781541543904,Twenty-First Century Books ™,55.99,86655,Sara Latta
Nonfiction — Young Adult,35528,Body 2.0,1541552415,9781541552418,Twenty-First Century Books ™,55.99,90120,Sara Latta
Nonfiction — Young Adult,35528,Body 2.0,1541552423,9781541552425,Twenty-First Century Books ™,9.99,90121,Sara Latta
Nonfiction — Young Adult,35528,Body 2.0,1541552431,9781541552432,Twenty-First Century Books ™,9.99,90122,Sara Latta
Nonfiction — Young Adult,42926,Gun Violence,1541555546,9781541555549,Twenty-First Century Books ™,37.32,92908,Matt Doeden
Nonfiction — Young Adult,35530,Vote!,1541562658,9781541562653,Twenty-First Century Books ™,55.99,98791,Coral Celeste Frazer
Nonfiction — Young Adult,35710,Giraffe Extinction,1541562666,9781541562660,Twenty-First Century Books ™,55.99,98792,Tanya Anderson
Nonfiction — Young Adult,42926,Gun Violence,1541562674,9781541562677,Twenty-First Century Books ™,55.99,98793,Matt Doeden
Nonfiction — Young Adult,34560,The Dozier School for Boys,1541562690,9781541562691,Twenty-First Century Books ™,55.99,98795,"Elizabeth A. Murray, PhD"
Nonfiction — Young Adult,36608,Mindfulness and Meditation,1541562704,9781541562707,Twenty-First Century Books ™,55.99,98796,Whitney Stewart
Nonfiction — Young Adult,36609,You Do You,1541562712,9781541562714,Twenty-First Century Books ™,55.99,98797,Sarah Mirk
Nonfiction — Young Adult,35710,Giraffe Extinction,1541572238,9781541572232,Twenty-First Century Books ™,9.99,99660,Tanya Anderson
Nonfiction — Young Adult,35710,Giraffe Extinction,1541572246,9781541572249,Twenty-First Century Books ™,55.99,99661,Tanya Anderson
Nonfiction — Young Adult,35710,Giraffe Extinction,1541572254,9781541572256,Twenty-First Century Books ™,9.99,99662,Tanya Anderson
Nonfiction — Young Adult,42926,Gun Violence,1541572262,9781541572263,Twenty-First Century Books ™,9.99,99663,Matt Doeden
Nonfiction — Young Adult,42926,Gun Violence,1541572270,9781541572270,Twenty-First Century Books ™,55.99,99664,Matt Doeden
Nonfiction — Young Adult,42926,Gun Violence,1541572289,9781541572287,Twenty-First Century Books ™,9.99,99665,Matt Doeden
Nonfiction — Young Adult,36608,Mindfulness and Meditation,1541572297,9781541572294,Twenty-First Century Books ™,9.99,99666,Whitney Stewart
Nonfiction — Young Adult,36608,Mindfulness and Meditation,1541572300,9781541572300,Twenty-First Century Books ™,55.99,99667,Whitney Stewart
Nonfiction — Young Adult,36608,Mindfulness and Meditation,1541572319,9781541572317,Twenty-First Century Books ™,9.99,99668,Whitney Stewart
Nonfiction — Young Adult,34560,The Dozier School for Boys,1541572327,9781541572324,Twenty-First Century Books ™,9.99,99669,"Elizabeth A. Murray, PhD"
Nonfiction — Young Adult,34560,The Dozier School for Boys,1541572335,9781541572331,Twenty-First Century Books ™,55.99,99670,"Elizabeth A. Murray, PhD"
Nonfiction — Young Adult,34560,The Dozier School for Boys,1541572343,9781541572348,Twenty-First Century Books ™,9.99,99671,"Elizabeth A. Murray, PhD"
Nonfiction — Young Adult,35530,Vote!,1541572351,9781541572355,Twenty-First Century Books ™,9.99,99672,Coral Celeste Frazer
Nonfiction — Young Adult,35530,Vote!,154157236X,9781541572362,Twenty-First Century Books ™,55.99,99673,Coral Celeste Frazer
Nonfiction — Young Adult,35530,Vote!,1541572378,9781541572379,Twenty-First Century Books ™,9.99,99674,Coral Celeste Frazer
Nonfiction — Young Adult,36609,You Do You,1541572386,9781541572386,Twenty-First Century Books ™,9.99,99675,Sarah Mirk
Nonfiction — Young Adult,36609,You Do You,1541572394,9781541572393,Twenty-First Century Books ™,55.99,99676,Sarah Mirk
Nonfiction — Young Adult,36609,You Do You,1541572408,9781541572409,Twenty-First Century Books ™,9.99,99677,Sarah Mirk
